date,state,variable,income
2024,Johor,mean,1638
2024,Johor,mean,2076
2024,Johor,mean,2337
2024,Johor,mean,2567
2024,Johor,mean,2751
2024,Johor,mean,2920
2024,Johor,mean,3050
2024,Johor,mean,3190
2024,Johor,mean,3323
2024,Johor,mean,3452
2024,Johor,mean,3567
2024,Johor,mean,3677
2024,Johor,mean,3773
2024,Johor,mean,3869
2024,Johor,mean,4018
2024,Johor,mean,4104
2024,Johor,mean,4181
2024,Johor,mean,4289
2024,Johor,mean,4397
2024,Johor,mean,4514
2024,Johor,mean,4614
2024,Johor,mean,4707
2024,Johor,mean,4806
2024,Johor,mean,4893
2024,Johor,mean,5001
2024,Johor,mean,5109
2024,Johor,mean,5207
2024,Johor,mean,5308
2024,Johor,mean,5396
2024,Johor,mean,5490
2024,Johor,mean,5582
2024,Johor,mean,5661
2024,Johor,mean,5763
2024,Johor,mean,5857
2024,Johor,mean,5981
2024,Johor,mean,6106
2024,Johor,mean,6203
2024,Johor,mean,6311
2024,Johor,mean,6421
2024,Johor,mean,6516
2024,Johor,mean,6618
2024,Johor,mean,6710
2024,Johor,mean,6826
2024,Johor,mean,6922
2024,Johor,mean,7020
2024,Johor,mean,7124
2024,Johor,mean,7249
2024,Johor,mean,7354
2024,Johor,mean,7486
2024,Johor,mean,7633
2024,Johor,mean,7777
2024,Johor,mean,7906
2024,Johor,mean,8017
2024,Johor,mean,8108
2024,Johor,mean,8203
2024,Johor,mean,8344
2024,Johor,mean,8474
2024,Johor,mean,8643
2024,Johor,mean,8781
2024,Johor,mean,8922
2024,Johor,mean,9052
2024,Johor,mean,9205
2024,Johor,mean,9354
2024,Johor,mean,9516
2024,Johor,mean,9656
2024,Johor,mean,9838
2024,Johor,mean,10043
2024,Johor,mean,10205
2024,Johor,mean,10373
2024,Johor,mean,10536
2024,Johor,mean,10730
2024,Johor,mean,10899
2024,Johor,mean,11065
2024,Johor,mean,11303
2024,Johor,mean,12058
2024,Johor,mean,12735
2024,Johor,mean,12924
2024,Johor,mean,13118
2024,Johor,mean,13277
2024,Johor,mean,13456
2024,Johor,mean,13636
2024,Johor,mean,13825
2024,Johor,mean,14027
2024,Johor,mean,14233
2024,Johor,mean,14461
2024,Johor,mean,14734
2024,Johor,mean,15015
2024,Johor,mean,15503
2024,Johor,mean,15975
2024,Johor,mean,16510
2024,Johor,mean,16956
2024,Johor,mean,17542
2024,Johor,mean,18309
2024,Johor,mean,19302
2024,Johor,mean,20450
2024,Johor,mean,21909
2024,Johor,mean,24222
2024,Johor,mean,26910
2024,Johor,mean,32971
2024,Johor,mean,50560
2024,Kedah,mean,1172
2024,Kedah,mean,1398
2024,Kedah,mean,1508
2024,Kedah,mean,1603
2024,Kedah,mean,1688
2024,Kedah,mean,1775
2024,Kedah,mean,1853
2024,Kedah,mean,1933
2024,Kedah,mean,2012
2024,Kedah,mean,2146
2024,Kedah,mean,2253
2024,Kedah,mean,2343
2024,Kedah,mean,2418
2024,Kedah,mean,2484
2024,Kedah,mean,2565
2024,Kedah,mean,2622
2024,Kedah,mean,2674
2024,Kedah,mean,2741
2024,Kedah,mean,2809
2024,Kedah,mean,2867
2024,Kedah,mean,2916
2024,Kedah,mean,2979
2024,Kedah,mean,3032
2024,Kedah,mean,3083
2024,Kedah,mean,3137
2024,Kedah,mean,3180
2024,Kedah,mean,3233
2024,Kedah,mean,3282
2024,Kedah,mean,3336
2024,Kedah,mean,3390
2024,Kedah,mean,3444
2024,Kedah,mean,3489
2024,Kedah,mean,3543
2024,Kedah,mean,3589
2024,Kedah,mean,3640
2024,Kedah,mean,3682
2024,Kedah,mean,3726
2024,Kedah,mean,3777
2024,Kedah,mean,3838
2024,Kedah,mean,3896
2024,Kedah,mean,4039
2024,Kedah,mean,4210
2024,Kedah,mean,4340
2024,Kedah,mean,4436
2024,Kedah,mean,4504
2024,Kedah,mean,4585
2024,Kedah,mean,4653
2024,Kedah,mean,4720
2024,Kedah,mean,4799
2024,Kedah,mean,4867
2024,Kedah,mean,4936
2024,Kedah,mean,5011
2024,Kedah,mean,5074
2024,Kedah,mean,5153
2024,Kedah,mean,5220
2024,Kedah,mean,5299
2024,Kedah,mean,5362
2024,Kedah,mean,5437
2024,Kedah,mean,5530
2024,Kedah,mean,5630
2024,Kedah,mean,5709
2024,Kedah,mean,5802
2024,Kedah,mean,5889
2024,Kedah,mean,5946
2024,Kedah,mean,6044
2024,Kedah,mean,6143
2024,Kedah,mean,6292
2024,Kedah,mean,6427
2024,Kedah,mean,6536
2024,Kedah,mean,6635
2024,Kedah,mean,6736
2024,Kedah,mean,6832
2024,Kedah,mean,6919
2024,Kedah,mean,6999
2024,Kedah,mean,7078
2024,Kedah,mean,7190
2024,Kedah,mean,7324
2024,Kedah,mean,7440
2024,Kedah,mean,7564
2024,Kedah,mean,7720
2024,Kedah,mean,7937
2024,Kedah,mean,8297
2024,Kedah,mean,8550
2024,Kedah,mean,8789
2024,Kedah,mean,9011
2024,Kedah,mean,9232
2024,Kedah,mean,9499
2024,Kedah,mean,9732
2024,Kedah,mean,10109
2024,Kedah,mean,10476
2024,Kedah,mean,10823
2024,Kedah,mean,11231
2024,Kedah,mean,11732
2024,Kedah,mean,12266
2024,Kedah,mean,12735
2024,Kedah,mean,13537
2024,Kedah,mean,14564
2024,Kedah,mean,15966
2024,Kedah,mean,18185
2024,Kedah,mean,24912
2024,Kelantan,mean,1259
2024,Kelantan,mean,1388
2024,Kelantan,mean,1486
2024,Kelantan,mean,1547
2024,Kelantan,mean,1601
2024,Kelantan,mean,1664
2024,Kelantan,mean,1739
2024,Kelantan,mean,1802
2024,Kelantan,mean,1882
2024,Kelantan,mean,1966
2024,Kelantan,mean,2046
2024,Kelantan,mean,2105
2024,Kelantan,mean,2168
2024,Kelantan,mean,2223
2024,Kelantan,mean,2281
2024,Kelantan,mean,2336
2024,Kelantan,mean,2380
2024,Kelantan,mean,2420
2024,Kelantan,mean,2481
2024,Kelantan,mean,2524
2024,Kelantan,mean,2561
2024,Kelantan,mean,2615
2024,Kelantan,mean,2657
2024,Kelantan,mean,2699
2024,Kelantan,mean,2749
2024,Kelantan,mean,2796
2024,Kelantan,mean,2844
2024,Kelantan,mean,2894
2024,Kelantan,mean,2944
2024,Kelantan,mean,2991
2024,Kelantan,mean,3033
2024,Kelantan,mean,3080
2024,Kelantan,mean,3124
2024,Kelantan,mean,3184
2024,Kelantan,mean,3248
2024,Kelantan,mean,3311
2024,Kelantan,mean,3360
2024,Kelantan,mean,3396
2024,Kelantan,mean,3444
2024,Kelantan,mean,3494
2024,Kelantan,mean,3547
2024,Kelantan,mean,3603
2024,Kelantan,mean,3648
2024,Kelantan,mean,3690
2024,Kelantan,mean,3742
2024,Kelantan,mean,3795
2024,Kelantan,mean,3859
2024,Kelantan,mean,3927
2024,Kelantan,mean,3983
2024,Kelantan,mean,4049
2024,Kelantan,mean,4113
2024,Kelantan,mean,4167
2024,Kelantan,mean,4233
2024,Kelantan,mean,4297
2024,Kelantan,mean,4371
2024,Kelantan,mean,4447
2024,Kelantan,mean,4511
2024,Kelantan,mean,4588
2024,Kelantan,mean,4662
2024,Kelantan,mean,4728
2024,Kelantan,mean,4811
2024,Kelantan,mean,4892
2024,Kelantan,mean,4973
2024,Kelantan,mean,5060
2024,Kelantan,mean,5141
2024,Kelantan,mean,5244
2024,Kelantan,mean,5346
2024,Kelantan,mean,5417
2024,Kelantan,mean,5499
2024,Kelantan,mean,5564
2024,Kelantan,mean,5653
2024,Kelantan,mean,5747
2024,Kelantan,mean,5841
2024,Kelantan,mean,5968
2024,Kelantan,mean,6168
2024,Kelantan,mean,6331
2024,Kelantan,mean,6445
2024,Kelantan,mean,6580
2024,Kelantan,mean,6749
2024,Kelantan,mean,6921
2024,Kelantan,mean,7111
2024,Kelantan,mean,7361
2024,Kelantan,mean,7638
2024,Kelantan,mean,7868
2024,Kelantan,mean,8147
2024,Kelantan,mean,8427
2024,Kelantan,mean,8741
2024,Kelantan,mean,9055
2024,Kelantan,mean,9429
2024,Kelantan,mean,9734
2024,Kelantan,mean,10099
2024,Kelantan,mean,10679
2024,Kelantan,mean,11241
2024,Kelantan,mean,11796
2024,Kelantan,mean,12597
2024,Kelantan,mean,14033
2024,Kelantan,mean,15314
2024,Kelantan,mean,16723
2024,Kelantan,mean,19188
2024,Kelantan,mean,25672
2024,Melaka,mean,2546
2024,Melaka,mean,2813
2024,Melaka,mean,2899
2024,Melaka,mean,2945
2024,Melaka,mean,3017
2024,Melaka,mean,3082
2024,Melaka,mean,3163
2024,Melaka,mean,3239
2024,Melaka,mean,3316
2024,Melaka,mean,3411
2024,Melaka,mean,3483
2024,Melaka,mean,3565
2024,Melaka,mean,3675
2024,Melaka,mean,3787
2024,Melaka,mean,3892
2024,Melaka,mean,3967
2024,Melaka,mean,4052
2024,Melaka,mean,4111
2024,Melaka,mean,4190
2024,Melaka,mean,4258
2024,Melaka,mean,4347
2024,Melaka,mean,4436
2024,Melaka,mean,4522
2024,Melaka,mean,4593
2024,Melaka,mean,4683
2024,Melaka,mean,4763
2024,Melaka,mean,4837
2024,Melaka,mean,4919
2024,Melaka,mean,5011
2024,Melaka,mean,5076
2024,Melaka,mean,5162
2024,Melaka,mean,5292
2024,Melaka,mean,5353
2024,Melaka,mean,5469
2024,Melaka,mean,5534
2024,Melaka,mean,5615
2024,Melaka,mean,5716
2024,Melaka,mean,5792
2024,Melaka,mean,5842
2024,Melaka,mean,5895
2024,Melaka,mean,5970
2024,Melaka,mean,6034
2024,Melaka,mean,6155
2024,Melaka,mean,6267
2024,Melaka,mean,6365
2024,Melaka,mean,6453
2024,Melaka,mean,6570
2024,Melaka,mean,6702
2024,Melaka,mean,6781
2024,Melaka,mean,6850
2024,Melaka,mean,6944
2024,Melaka,mean,7091
2024,Melaka,mean,7212
2024,Melaka,mean,7325
2024,Melaka,mean,7463
2024,Melaka,mean,7586
2024,Melaka,mean,7693
2024,Melaka,mean,7810
2024,Melaka,mean,7916
2024,Melaka,mean,8031
2024,Melaka,mean,8156
2024,Melaka,mean,8294
2024,Melaka,mean,8452
2024,Melaka,mean,8607
2024,Melaka,mean,8740
2024,Melaka,mean,8883
2024,Melaka,mean,9068
2024,Melaka,mean,9163
2024,Melaka,mean,9293
2024,Melaka,mean,9449
2024,Melaka,mean,9670
2024,Melaka,mean,9864
2024,Melaka,mean,10061
2024,Melaka,mean,10216
2024,Melaka,mean,10362
2024,Melaka,mean,10573
2024,Melaka,mean,10805
2024,Melaka,mean,11011
2024,Melaka,mean,11248
2024,Melaka,mean,11462
2024,Melaka,mean,11906
2024,Melaka,mean,12335
2024,Melaka,mean,12664
2024,Melaka,mean,12805
2024,Melaka,mean,13048
2024,Melaka,mean,13366
2024,Melaka,mean,13788
2024,Melaka,mean,14294
2024,Melaka,mean,14849
2024,Melaka,mean,15197
2024,Melaka,mean,15563
2024,Melaka,mean,16190
2024,Melaka,mean,17186
2024,Melaka,mean,18107
2024,Melaka,mean,18882
2024,Melaka,mean,19861
2024,Melaka,mean,22219
2024,Melaka,mean,25818
2024,Melaka,mean,30438
2024,Melaka,mean,46067
2024,Negeri Sembilan,mean,1219
2024,Negeri Sembilan,mean,1607
2024,Negeri Sembilan,mean,1854
2024,Negeri Sembilan,mean,2017
2024,Negeri Sembilan,mean,2136
2024,Negeri Sembilan,mean,2236
2024,Negeri Sembilan,mean,2351
2024,Negeri Sembilan,mean,2453
2024,Negeri Sembilan,mean,2542
2024,Negeri Sembilan,mean,2628
2024,Negeri Sembilan,mean,2703
2024,Negeri Sembilan,mean,2786
2024,Negeri Sembilan,mean,2867
2024,Negeri Sembilan,mean,2917
2024,Negeri Sembilan,mean,2978
2024,Negeri Sembilan,mean,3036
2024,Negeri Sembilan,mean,3091
2024,Negeri Sembilan,mean,3158
2024,Negeri Sembilan,mean,3222
2024,Negeri Sembilan,mean,3289
2024,Negeri Sembilan,mean,3345
2024,Negeri Sembilan,mean,3413
2024,Negeri Sembilan,mean,3472
2024,Negeri Sembilan,mean,3543
2024,Negeri Sembilan,mean,3604
2024,Negeri Sembilan,mean,3680
2024,Negeri Sembilan,mean,3760
2024,Negeri Sembilan,mean,3817
2024,Negeri Sembilan,mean,3893
2024,Negeri Sembilan,mean,3985
2024,Negeri Sembilan,mean,4055
2024,Negeri Sembilan,mean,4116
2024,Negeri Sembilan,mean,4172
2024,Negeri Sembilan,mean,4242
2024,Negeri Sembilan,mean,4327
2024,Negeri Sembilan,mean,4396
2024,Negeri Sembilan,mean,4475
2024,Negeri Sembilan,mean,4532
2024,Negeri Sembilan,mean,4600
2024,Negeri Sembilan,mean,4661
2024,Negeri Sembilan,mean,4747
2024,Negeri Sembilan,mean,4850
2024,Negeri Sembilan,mean,4943
2024,Negeri Sembilan,mean,5045
2024,Negeri Sembilan,mean,5121
2024,Negeri Sembilan,mean,5195
2024,Negeri Sembilan,mean,5261
2024,Negeri Sembilan,mean,5355
2024,Negeri Sembilan,mean,5464
2024,Negeri Sembilan,mean,5546
2024,Negeri Sembilan,mean,5653
2024,Negeri Sembilan,mean,5737
2024,Negeri Sembilan,mean,5823
2024,Negeri Sembilan,mean,5960
2024,Negeri Sembilan,mean,6084
2024,Negeri Sembilan,mean,6184
2024,Negeri Sembilan,mean,6301
2024,Negeri Sembilan,mean,6398
2024,Negeri Sembilan,mean,6472
2024,Negeri Sembilan,mean,6565
2024,Negeri Sembilan,mean,6686
2024,Negeri Sembilan,mean,6808
2024,Negeri Sembilan,mean,6932
2024,Negeri Sembilan,mean,7068
2024,Negeri Sembilan,mean,7215
2024,Negeri Sembilan,mean,7344
2024,Negeri Sembilan,mean,7469
2024,Negeri Sembilan,mean,7599
2024,Negeri Sembilan,mean,7755
2024,Negeri Sembilan,mean,7907
2024,Negeri Sembilan,mean,8049
2024,Negeri Sembilan,mean,8186
2024,Negeri Sembilan,mean,8299
2024,Negeri Sembilan,mean,8418
2024,Negeri Sembilan,mean,8594
2024,Negeri Sembilan,mean,8780
2024,Negeri Sembilan,mean,8984
2024,Negeri Sembilan,mean,9199
2024,Negeri Sembilan,mean,9366
2024,Negeri Sembilan,mean,9715
2024,Negeri Sembilan,mean,10157
2024,Negeri Sembilan,mean,10456
2024,Negeri Sembilan,mean,10762
2024,Negeri Sembilan,mean,10925
2024,Negeri Sembilan,mean,11159
2024,Negeri Sembilan,mean,11630
2024,Negeri Sembilan,mean,12525
2024,Negeri Sembilan,mean,12868
2024,Negeri Sembilan,mean,13196
2024,Negeri Sembilan,mean,13561
2024,Negeri Sembilan,mean,13884
2024,Negeri Sembilan,mean,14327
2024,Negeri Sembilan,mean,14924
2024,Negeri Sembilan,mean,15786
2024,Negeri Sembilan,mean,16876
2024,Negeri Sembilan,mean,18085
2024,Negeri Sembilan,mean,20190
2024,Negeri Sembilan,mean,22485
2024,Negeri Sembilan,mean,27153
2024,Negeri Sembilan,mean,46722
2024,Pahang,mean,1458
2024,Pahang,mean,1841
2024,Pahang,mean,2014
2024,Pahang,mean,2177
2024,Pahang,mean,2315
2024,Pahang,mean,2412
2024,Pahang,mean,2492
2024,Pahang,mean,2563
2024,Pahang,mean,2647
2024,Pahang,mean,2721
2024,Pahang,mean,2766
2024,Pahang,mean,2815
2024,Pahang,mean,2884
2024,Pahang,mean,2931
2024,Pahang,mean,2987
2024,Pahang,mean,3043
2024,Pahang,mean,3077
2024,Pahang,mean,3114
2024,Pahang,mean,3167
2024,Pahang,mean,3233
2024,Pahang,mean,3283
2024,Pahang,mean,3334
2024,Pahang,mean,3389
2024,Pahang,mean,3435
2024,Pahang,mean,3480
2024,Pahang,mean,3531
2024,Pahang,mean,3568
2024,Pahang,mean,3628
2024,Pahang,mean,3673
2024,Pahang,mean,3738
2024,Pahang,mean,3798
2024,Pahang,mean,3854
2024,Pahang,mean,3918
2024,Pahang,mean,3964
2024,Pahang,mean,4017
2024,Pahang,mean,4078
2024,Pahang,mean,4135
2024,Pahang,mean,4197
2024,Pahang,mean,4249
2024,Pahang,mean,4303
2024,Pahang,mean,4356
2024,Pahang,mean,4416
2024,Pahang,mean,4487
2024,Pahang,mean,4568
2024,Pahang,mean,4645
2024,Pahang,mean,4713
2024,Pahang,mean,4771
2024,Pahang,mean,4823
2024,Pahang,mean,4884
2024,Pahang,mean,4949
2024,Pahang,mean,5008
2024,Pahang,mean,5064
2024,Pahang,mean,5102
2024,Pahang,mean,5160
2024,Pahang,mean,5217
2024,Pahang,mean,5275
2024,Pahang,mean,5335
2024,Pahang,mean,5385
2024,Pahang,mean,5447
2024,Pahang,mean,5519
2024,Pahang,mean,5578
2024,Pahang,mean,5647
2024,Pahang,mean,5719
2024,Pahang,mean,5777
2024,Pahang,mean,5830
2024,Pahang,mean,5898
2024,Pahang,mean,5969
2024,Pahang,mean,6160
2024,Pahang,mean,6303
2024,Pahang,mean,6372
2024,Pahang,mean,6446
2024,Pahang,mean,6506
2024,Pahang,mean,6564
2024,Pahang,mean,6624
2024,Pahang,mean,6717
2024,Pahang,mean,6824
2024,Pahang,mean,6915
2024,Pahang,mean,7019
2024,Pahang,mean,7436
2024,Pahang,mean,7926
2024,Pahang,mean,8180
2024,Pahang,mean,8360
2024,Pahang,mean,8518
2024,Pahang,mean,8764
2024,Pahang,mean,9024
2024,Pahang,mean,9306
2024,Pahang,mean,9584
2024,Pahang,mean,9867
2024,Pahang,mean,10250
2024,Pahang,mean,10653
2024,Pahang,mean,11096
2024,Pahang,mean,11652
2024,Pahang,mean,12059
2024,Pahang,mean,12809
2024,Pahang,mean,13727
2024,Pahang,mean,15029
2024,Pahang,mean,16489
2024,Pahang,mean,18246
2024,Pahang,mean,20651
2024,Pahang,mean,27213
2024,Perak,mean,1186
2024,Perak,mean,1583
2024,Perak,mean,1789
2024,Perak,mean,1926
2024,Perak,mean,2045
2024,Perak,mean,2085
2024,Perak,mean,2121
2024,Perak,mean,2171
2024,Perak,mean,2219
2024,Perak,mean,2267
2024,Perak,mean,2311
2024,Perak,mean,2375
2024,Perak,mean,2446
2024,Perak,mean,2503
2024,Perak,mean,2551
2024,Perak,mean,2606
2024,Perak,mean,2659
2024,Perak,mean,2727
2024,Perak,mean,2797
2024,Perak,mean,2861
2024,Perak,mean,2915
2024,Perak,mean,2974
2024,Perak,mean,3044
2024,Perak,mean,3084
2024,Perak,mean,3123
2024,Perak,mean,3168
2024,Perak,mean,3203
2024,Perak,mean,3251
2024,Perak,mean,3305
2024,Perak,mean,3362
2024,Perak,mean,3416
2024,Perak,mean,3465
2024,Perak,mean,3519
2024,Perak,mean,3582
2024,Perak,mean,3639
2024,Perak,mean,3692
2024,Perak,mean,3750
2024,Perak,mean,3808
2024,Perak,mean,3865
2024,Perak,mean,3935
2024,Perak,mean,4002
2024,Perak,mean,4074
2024,Perak,mean,4142
2024,Perak,mean,4224
2024,Perak,mean,4298
2024,Perak,mean,4357
2024,Perak,mean,4421
2024,Perak,mean,4483
2024,Perak,mean,4556
2024,Perak,mean,4649
2024,Perak,mean,4727
2024,Perak,mean,4819
2024,Perak,mean,4919
2024,Perak,mean,5031
2024,Perak,mean,5112
2024,Perak,mean,5204
2024,Perak,mean,5299
2024,Perak,mean,5375
2024,Perak,mean,5459
2024,Perak,mean,5551
2024,Perak,mean,5657
2024,Perak,mean,5749
2024,Perak,mean,5834
2024,Perak,mean,5920
2024,Perak,mean,6001
2024,Perak,mean,6111
2024,Perak,mean,6265
2024,Perak,mean,6371
2024,Perak,mean,6465
2024,Perak,mean,6571
2024,Perak,mean,6665
2024,Perak,mean,6780
2024,Perak,mean,6870
2024,Perak,mean,6971
2024,Perak,mean,7156
2024,Perak,mean,7367
2024,Perak,mean,7542
2024,Perak,mean,7715
2024,Perak,mean,7859
2024,Perak,mean,8058
2024,Perak,mean,8415
2024,Perak,mean,8707
2024,Perak,mean,8974
2024,Perak,mean,9176
2024,Perak,mean,9432
2024,Perak,mean,9728
2024,Perak,mean,10035
2024,Perak,mean,10384
2024,Perak,mean,10734
2024,Perak,mean,11161
2024,Perak,mean,11806
2024,Perak,mean,12393
2024,Perak,mean,12874
2024,Perak,mean,13730
2024,Perak,mean,14736
2024,Perak,mean,15839
2024,Perak,mean,17001
2024,Perak,mean,18879
2024,Perak,mean,22016
2024,Perak,mean,39798
2024,Perlis,mean,1170
2024,Perlis,mean,1356
2024,Perlis,mean,1564
2024,Perlis,mean,1657
2024,Perlis,mean,1825
2024,Perlis,mean,1994
2024,Perlis,mean,2082
2024,Perlis,mean,2157
2024,Perlis,mean,2269
2024,Perlis,mean,2357
2024,Perlis,mean,2442
2024,Perlis,mean,2512
2024,Perlis,mean,2607
2024,Perlis,mean,2680
2024,Perlis,mean,2740
2024,Perlis,mean,2787
2024,Perlis,mean,2850
2024,Perlis,mean,2919
2024,Perlis,mean,2971
2024,Perlis,mean,3009
2024,Perlis,mean,3066
2024,Perlis,mean,3112
2024,Perlis,mean,3155
2024,Perlis,mean,3197
2024,Perlis,mean,3257
2024,Perlis,mean,3325
2024,Perlis,mean,3411
2024,Perlis,mean,3479
2024,Perlis,mean,3539
2024,Perlis,mean,3598
2024,Perlis,mean,3647
2024,Perlis,mean,3689
2024,Perlis,mean,3734
2024,Perlis,mean,3792
2024,Perlis,mean,3890
2024,Perlis,mean,3941
2024,Perlis,mean,4028
2024,Perlis,mean,4130
2024,Perlis,mean,4193
2024,Perlis,mean,4242
2024,Perlis,mean,4314
2024,Perlis,mean,4371
2024,Perlis,mean,4422
2024,Perlis,mean,4496
2024,Perlis,mean,4579
2024,Perlis,mean,4665
2024,Perlis,mean,4752
2024,Perlis,mean,4813
2024,Perlis,mean,4878
2024,Perlis,mean,4922
2024,Perlis,mean,4986
2024,Perlis,mean,5089
2024,Perlis,mean,5161
2024,Perlis,mean,5215
2024,Perlis,mean,5288
2024,Perlis,mean,5332
2024,Perlis,mean,5372
2024,Perlis,mean,5451
2024,Perlis,mean,5566
2024,Perlis,mean,5647
2024,Perlis,mean,5717
2024,Perlis,mean,5814
2024,Perlis,mean,5861
2024,Perlis,mean,5907
2024,Perlis,mean,5993
2024,Perlis,mean,6120
2024,Perlis,mean,6336
2024,Perlis,mean,6444
2024,Perlis,mean,6526
2024,Perlis,mean,6647
2024,Perlis,mean,6781
2024,Perlis,mean,6887
2024,Perlis,mean,6979
2024,Perlis,mean,7045
2024,Perlis,mean,7208
2024,Perlis,mean,7323
2024,Perlis,mean,7471
2024,Perlis,mean,7665
2024,Perlis,mean,7844
2024,Perlis,mean,7967
2024,Perlis,mean,8036
2024,Perlis,mean,8242
2024,Perlis,mean,8536
2024,Perlis,mean,8840
2024,Perlis,mean,9062
2024,Perlis,mean,9171
2024,Perlis,mean,9391
2024,Perlis,mean,9694
2024,Perlis,mean,9979
2024,Perlis,mean,10303
2024,Perlis,mean,10824
2024,Perlis,mean,11376
2024,Perlis,mean,12079
2024,Perlis,mean,12697
2024,Perlis,mean,13803
2024,Perlis,mean,14837
2024,Perlis,mean,15606
2024,Perlis,mean,16910
2024,Perlis,mean,19041
2024,Perlis,mean,30324
2024,Pulau Pinang,mean,1467
2024,Pulau Pinang,mean,1798
2024,Pulau Pinang,mean,1997
2024,Pulau Pinang,mean,2180
2024,Pulau Pinang,mean,2355
2024,Pulau Pinang,mean,2518
2024,Pulau Pinang,mean,2667
2024,Pulau Pinang,mean,2846
2024,Pulau Pinang,mean,3000
2024,Pulau Pinang,mean,3128
2024,Pulau Pinang,mean,3244
2024,Pulau Pinang,mean,3369
2024,Pulau Pinang,mean,3469
2024,Pulau Pinang,mean,3564
2024,Pulau Pinang,mean,3655
2024,Pulau Pinang,mean,3756
2024,Pulau Pinang,mean,3863
2024,Pulau Pinang,mean,3975
2024,Pulau Pinang,mean,4079
2024,Pulau Pinang,mean,4183
2024,Pulau Pinang,mean,4283
2024,Pulau Pinang,mean,4361
2024,Pulau Pinang,mean,4466
2024,Pulau Pinang,mean,4553
2024,Pulau Pinang,mean,4658
2024,Pulau Pinang,mean,4766
2024,Pulau Pinang,mean,4871
2024,Pulau Pinang,mean,4960
2024,Pulau Pinang,mean,5060
2024,Pulau Pinang,mean,5162
2024,Pulau Pinang,mean,5272
2024,Pulau Pinang,mean,5388
2024,Pulau Pinang,mean,5478
2024,Pulau Pinang,mean,5582
2024,Pulau Pinang,mean,5709
2024,Pulau Pinang,mean,5841
2024,Pulau Pinang,mean,5955
2024,Pulau Pinang,mean,6084
2024,Pulau Pinang,mean,6192
2024,Pulau Pinang,mean,6294
2024,Pulau Pinang,mean,6419
2024,Pulau Pinang,mean,6512
2024,Pulau Pinang,mean,6612
2024,Pulau Pinang,mean,6720
2024,Pulau Pinang,mean,6804
2024,Pulau Pinang,mean,6903
2024,Pulau Pinang,mean,6981
2024,Pulau Pinang,mean,7073
2024,Pulau Pinang,mean,7201
2024,Pulau Pinang,mean,7324
2024,Pulau Pinang,mean,7441
2024,Pulau Pinang,mean,7584
2024,Pulau Pinang,mean,7695
2024,Pulau Pinang,mean,7808
2024,Pulau Pinang,mean,7938
2024,Pulau Pinang,mean,8070
2024,Pulau Pinang,mean,8210
2024,Pulau Pinang,mean,8340
2024,Pulau Pinang,mean,8461
2024,Pulau Pinang,mean,8597
2024,Pulau Pinang,mean,8748
2024,Pulau Pinang,mean,8896
2024,Pulau Pinang,mean,9039
2024,Pulau Pinang,mean,9198
2024,Pulau Pinang,mean,9351
2024,Pulau Pinang,mean,9521
2024,Pulau Pinang,mean,9673
2024,Pulau Pinang,mean,9823
2024,Pulau Pinang,mean,10002
2024,Pulau Pinang,mean,10217
2024,Pulau Pinang,mean,10396
2024,Pulau Pinang,mean,10580
2024,Pulau Pinang,mean,10736
2024,Pulau Pinang,mean,10913
2024,Pulau Pinang,mean,11129
2024,Pulau Pinang,mean,11342
2024,Pulau Pinang,mean,11566
2024,Pulau Pinang,mean,11894
2024,Pulau Pinang,mean,12266
2024,Pulau Pinang,mean,12574
2024,Pulau Pinang,mean,12765
2024,Pulau Pinang,mean,13015
2024,Pulau Pinang,mean,13244
2024,Pulau Pinang,mean,13577
2024,Pulau Pinang,mean,13897
2024,Pulau Pinang,mean,14152
2024,Pulau Pinang,mean,14587
2024,Pulau Pinang,mean,14997
2024,Pulau Pinang,mean,15535
2024,Pulau Pinang,mean,16206
2024,Pulau Pinang,mean,16789
2024,Pulau Pinang,mean,17536
2024,Pulau Pinang,mean,18212
2024,Pulau Pinang,mean,19022
2024,Pulau Pinang,mean,20020
2024,Pulau Pinang,mean,21230
2024,Pulau Pinang,mean,22866
2024,Pulau Pinang,mean,25729
2024,Pulau Pinang,mean,30871
2024,Pulau Pinang,mean,58955
2024,Sabah,mean,1040
2024,Sabah,mean,1329
2024,Sabah,mean,1477
2024,Sabah,mean,1594
2024,Sabah,mean,1702
2024,Sabah,mean,1824
2024,Sabah,mean,1911
2024,Sabah,mean,2004
2024,Sabah,mean,2084
2024,Sabah,mean,2150
2024,Sabah,mean,2220
2024,Sabah,mean,2290
2024,Sabah,mean,2355
2024,Sabah,mean,2419
2024,Sabah,mean,2484
2024,Sabah,mean,2537
2024,Sabah,mean,2588
2024,Sabah,mean,2647
2024,Sabah,mean,2704
2024,Sabah,mean,2761
2024,Sabah,mean,2817
2024,Sabah,mean,2868
2024,Sabah,mean,2926
2024,Sabah,mean,2985
2024,Sabah,mean,3053
2024,Sabah,mean,3120
2024,Sabah,mean,3179
2024,Sabah,mean,3250
2024,Sabah,mean,3331
2024,Sabah,mean,3383
2024,Sabah,mean,3453
2024,Sabah,mean,3513
2024,Sabah,mean,3598
2024,Sabah,mean,3680
2024,Sabah,mean,3750
2024,Sabah,mean,3817
2024,Sabah,mean,3880
2024,Sabah,mean,3950
2024,Sabah,mean,4020
2024,Sabah,mean,4089
2024,Sabah,mean,4160
2024,Sabah,mean,4219
2024,Sabah,mean,4294
2024,Sabah,mean,4365
2024,Sabah,mean,4443
2024,Sabah,mean,4515
2024,Sabah,mean,4595
2024,Sabah,mean,4686
2024,Sabah,mean,4770
2024,Sabah,mean,4853
2024,Sabah,mean,4926
2024,Sabah,mean,4995
2024,Sabah,mean,5070
2024,Sabah,mean,5149
2024,Sabah,mean,5225
2024,Sabah,mean,5303
2024,Sabah,mean,5383
2024,Sabah,mean,5476
2024,Sabah,mean,5562
2024,Sabah,mean,5649
2024,Sabah,mean,5742
2024,Sabah,mean,5834
2024,Sabah,mean,5941
2024,Sabah,mean,6129
2024,Sabah,mean,6333
2024,Sabah,mean,6449
2024,Sabah,mean,6569
2024,Sabah,mean,6677
2024,Sabah,mean,6796
2024,Sabah,mean,6897
2024,Sabah,mean,7001
2024,Sabah,mean,7182
2024,Sabah,mean,7423
2024,Sabah,mean,7610
2024,Sabah,mean,7821
2024,Sabah,mean,7973
2024,Sabah,mean,8306
2024,Sabah,mean,8585
2024,Sabah,mean,8802
2024,Sabah,mean,9024
2024,Sabah,mean,9267
2024,Sabah,mean,9528
2024,Sabah,mean,9848
2024,Sabah,mean,10146
2024,Sabah,mean,10477
2024,Sabah,mean,10872
2024,Sabah,mean,11211
2024,Sabah,mean,11620
2024,Sabah,mean,12070
2024,Sabah,mean,12527
2024,Sabah,mean,12984
2024,Sabah,mean,13558
2024,Sabah,mean,14291
2024,Sabah,mean,14944
2024,Sabah,mean,15739
2024,Sabah,mean,16656
2024,Sabah,mean,18412
2024,Sabah,mean,20369
2024,Sabah,mean,24320
2024,Sabah,mean,39842
2024,Sarawak,mean,1315
2024,Sarawak,mean,1620
2024,Sarawak,mean,1761
2024,Sarawak,mean,1853
2024,Sarawak,mean,1953
2024,Sarawak,mean,2058
2024,Sarawak,mean,2153
2024,Sarawak,mean,2235
2024,Sarawak,mean,2314
2024,Sarawak,mean,2389
2024,Sarawak,mean,2469
2024,Sarawak,mean,2544
2024,Sarawak,mean,2610
2024,Sarawak,mean,2681
2024,Sarawak,mean,2766
2024,Sarawak,mean,2843
2024,Sarawak,mean,2920
2024,Sarawak,mean,2994
2024,Sarawak,mean,3070
2024,Sarawak,mean,3134
2024,Sarawak,mean,3197
2024,Sarawak,mean,3264
2024,Sarawak,mean,3331
2024,Sarawak,mean,3404
2024,Sarawak,mean,3478
2024,Sarawak,mean,3557
2024,Sarawak,mean,3633
2024,Sarawak,mean,3705
2024,Sarawak,mean,3791
2024,Sarawak,mean,3860
2024,Sarawak,mean,3936
2024,Sarawak,mean,4012
2024,Sarawak,mean,4097
2024,Sarawak,mean,4172
2024,Sarawak,mean,4240
2024,Sarawak,mean,4314
2024,Sarawak,mean,4385
2024,Sarawak,mean,4471
2024,Sarawak,mean,4546
2024,Sarawak,mean,4621
2024,Sarawak,mean,4713
2024,Sarawak,mean,4811
2024,Sarawak,mean,4897
2024,Sarawak,mean,4982
2024,Sarawak,mean,5060
2024,Sarawak,mean,5137
2024,Sarawak,mean,5207
2024,Sarawak,mean,5291
2024,Sarawak,mean,5372
2024,Sarawak,mean,5457
2024,Sarawak,mean,5550
2024,Sarawak,mean,5636
2024,Sarawak,mean,5724
2024,Sarawak,mean,5818
2024,Sarawak,mean,5918
2024,Sarawak,mean,6009
2024,Sarawak,mean,6116
2024,Sarawak,mean,6232
2024,Sarawak,mean,6350
2024,Sarawak,mean,6465
2024,Sarawak,mean,6588
2024,Sarawak,mean,6690
2024,Sarawak,mean,6813
2024,Sarawak,mean,6922
2024,Sarawak,mean,7016
2024,Sarawak,mean,7147
2024,Sarawak,mean,7287
2024,Sarawak,mean,7420
2024,Sarawak,mean,7577
2024,Sarawak,mean,7714
2024,Sarawak,mean,7878
2024,Sarawak,mean,8047
2024,Sarawak,mean,8227
2024,Sarawak,mean,8406
2024,Sarawak,mean,8567
2024,Sarawak,mean,8725
2024,Sarawak,mean,8933
2024,Sarawak,mean,9139
2024,Sarawak,mean,9351
2024,Sarawak,mean,9592
2024,Sarawak,mean,9846
2024,Sarawak,mean,10094
2024,Sarawak,mean,10330
2024,Sarawak,mean,10646
2024,Sarawak,mean,10990
2024,Sarawak,mean,11285
2024,Sarawak,mean,11654
2024,Sarawak,mean,12098
2024,Sarawak,mean,12551
2024,Sarawak,mean,12929
2024,Sarawak,mean,13344
2024,Sarawak,mean,13856
2024,Sarawak,mean,14446
2024,Sarawak,mean,15194
2024,Sarawak,mean,15971
2024,Sarawak,mean,17097
2024,Sarawak,mean,18564
2024,Sarawak,mean,20513
2024,Sarawak,mean,23849
2024,Sarawak,mean,35318
2024,Selangor,mean,2566
2024,Selangor,mean,3292
2024,Selangor,mean,3773
2024,Selangor,mean,4155
2024,Selangor,mean,4449
2024,Selangor,mean,4720
2024,Selangor,mean,4960
2024,Selangor,mean,5158
2024,Selangor,mean,5382
2024,Selangor,mean,5581
2024,Selangor,mean,5704
2024,Selangor,mean,5848
2024,Selangor,mean,6036
2024,Selangor,mean,6318
2024,Selangor,mean,6482
2024,Selangor,mean,6636
2024,Selangor,mean,6754
2024,Selangor,mean,6849
2024,Selangor,mean,6961
2024,Selangor,mean,7187
2024,Selangor,mean,7495
2024,Selangor,mean,7647
2024,Selangor,mean,7777
2024,Selangor,mean,7887
2024,Selangor,mean,7996
2024,Selangor,mean,8166
2024,Selangor,mean,8367
2024,Selangor,mean,8464
2024,Selangor,mean,8520
2024,Selangor,mean,8588
2024,Selangor,mean,8676
2024,Selangor,mean,8754
2024,Selangor,mean,8825
2024,Selangor,mean,8897
2024,Selangor,mean,9005
2024,Selangor,mean,9125
2024,Selangor,mean,9220
2024,Selangor,mean,9324
2024,Selangor,mean,9431
2024,Selangor,mean,9515
2024,Selangor,mean,9620
2024,Selangor,mean,9736
2024,Selangor,mean,9872
2024,Selangor,mean,10094
2024,Selangor,mean,10214
2024,Selangor,mean,10314
2024,Selangor,mean,10405
2024,Selangor,mean,10497
2024,Selangor,mean,10584
2024,Selangor,mean,10674
2024,Selangor,mean,10770
2024,Selangor,mean,10842
2024,Selangor,mean,10945
2024,Selangor,mean,11042
2024,Selangor,mean,11124
2024,Selangor,mean,11223
2024,Selangor,mean,11320
2024,Selangor,mean,11415
2024,Selangor,mean,11510
2024,Selangor,mean,11742
2024,Selangor,mean,12031
2024,Selangor,mean,12266
2024,Selangor,mean,12435
2024,Selangor,mean,12607
2024,Selangor,mean,12737
2024,Selangor,mean,12864
2024,Selangor,mean,13009
2024,Selangor,mean,13186
2024,Selangor,mean,13325
2024,Selangor,mean,13515
2024,Selangor,mean,13665
2024,Selangor,mean,13793
2024,Selangor,mean,13948
2024,Selangor,mean,14144
2024,Selangor,mean,14338
2024,Selangor,mean,14601
2024,Selangor,mean,15073
2024,Selangor,mean,15367
2024,Selangor,mean,15629
2024,Selangor,mean,15903
2024,Selangor,mean,16251
2024,Selangor,mean,16674
2024,Selangor,mean,17024
2024,Selangor,mean,17427
2024,Selangor,mean,17923
2024,Selangor,mean,18379
2024,Selangor,mean,18911
2024,Selangor,mean,19532
2024,Selangor,mean,20296
2024,Selangor,mean,21173
2024,Selangor,mean,22090
2024,Selangor,mean,23152
2024,Selangor,mean,24585
2024,Selangor,mean,25838
2024,Selangor,mean,27604
2024,Selangor,mean,30408
2024,Selangor,mean,34712
2024,Selangor,mean,39981
2024,Selangor,mean,51935
2024,Selangor,mean,97927
2024,Terengganu,mean,1769
2024,Terengganu,mean,2295
2024,Terengganu,mean,2617
2024,Terengganu,mean,2773
2024,Terengganu,mean,2913
2024,Terengganu,mean,3006
2024,Terengganu,mean,3087
2024,Terengganu,mean,3160
2024,Terengganu,mean,3237
2024,Terengganu,mean,3314
2024,Terengganu,mean,3387
2024,Terengganu,mean,3462
2024,Terengganu,mean,3551
2024,Terengganu,mean,3613
2024,Terengganu,mean,3678
2024,Terengganu,mean,3757
2024,Terengganu,mean,3849
2024,Terengganu,mean,3928
2024,Terengganu,mean,4006
2024,Terengganu,mean,4090
2024,Terengganu,mean,4179
2024,Terengganu,mean,4252
2024,Terengganu,mean,4337
2024,Terengganu,mean,4410
2024,Terengganu,mean,4484
2024,Terengganu,mean,4549
2024,Terengganu,mean,4626
2024,Terengganu,mean,4735
2024,Terengganu,mean,4835
2024,Terengganu,mean,4918
2024,Terengganu,mean,5000
2024,Terengganu,mean,5081
2024,Terengganu,mean,5158
2024,Terengganu,mean,5237
2024,Terengganu,mean,5320
2024,Terengganu,mean,5405
2024,Terengganu,mean,5503
2024,Terengganu,mean,5646
2024,Terengganu,mean,5755
2024,Terengganu,mean,5844
2024,Terengganu,mean,5931
2024,Terengganu,mean,6039
2024,Terengganu,mean,6122
2024,Terengganu,mean,6193
2024,Terengganu,mean,6265
2024,Terengganu,mean,6329
2024,Terengganu,mean,6386
2024,Terengganu,mean,6455
2024,Terengganu,mean,6522
2024,Terengganu,mean,6592
2024,Terengganu,mean,6683
2024,Terengganu,mean,6755
2024,Terengganu,mean,6830
2024,Terengganu,mean,6905
2024,Terengganu,mean,6977
2024,Terengganu,mean,7046
2024,Terengganu,mean,7123
2024,Terengganu,mean,7189
2024,Terengganu,mean,7259
2024,Terengganu,mean,7322
2024,Terengganu,mean,7400
2024,Terengganu,mean,7473
2024,Terengganu,mean,7577
2024,Terengganu,mean,7673
2024,Terengganu,mean,7757
2024,Terengganu,mean,7852
2024,Terengganu,mean,7937
2024,Terengganu,mean,8028
2024,Terengganu,mean,8162
2024,Terengganu,mean,8282
2024,Terengganu,mean,8383
2024,Terengganu,mean,8516
2024,Terengganu,mean,8679
2024,Terengganu,mean,8827
2024,Terengganu,mean,8958
2024,Terengganu,mean,9076
2024,Terengganu,mean,9209
2024,Terengganu,mean,9382
2024,Terengganu,mean,9556
2024,Terengganu,mean,9706
2024,Terengganu,mean,9872
2024,Terengganu,mean,10048
2024,Terengganu,mean,10309
2024,Terengganu,mean,10550
2024,Terengganu,mean,10819
2024,Terengganu,mean,11175
2024,Terengganu,mean,11616
2024,Terengganu,mean,12079
2024,Terengganu,mean,12663
2024,Terengganu,mean,13191
2024,Terengganu,mean,13508
2024,Terengganu,mean,13984
2024,Terengganu,mean,14625
2024,Terengganu,mean,15533
2024,Terengganu,mean,16516
2024,Terengganu,mean,17564
2024,Terengganu,mean,18743
2024,Terengganu,mean,20780
2024,Terengganu,mean,23199
2024,Terengganu,mean,30721
2024,W.P. Kuala Lumpur,mean,2095
2024,W.P. Kuala Lumpur,mean,2965
2024,W.P. Kuala Lumpur,mean,3392
2024,W.P. Kuala Lumpur,mean,3678
2024,W.P. Kuala Lumpur,mean,3865
2024,W.P. Kuala Lumpur,mean,4051
2024,W.P. Kuala Lumpur,mean,4222
2024,W.P. Kuala Lumpur,mean,4506
2024,W.P. Kuala Lumpur,mean,4727
2024,W.P. Kuala Lumpur,mean,4960
2024,W.P. Kuala Lumpur,mean,5199
2024,W.P. Kuala Lumpur,mean,5369
2024,W.P. Kuala Lumpur,mean,5541
2024,W.P. Kuala Lumpur,mean,5689
2024,W.P. Kuala Lumpur,mean,5807
2024,W.P. Kuala Lumpur,mean,5936
2024,W.P. Kuala Lumpur,mean,6348
2024,W.P. Kuala Lumpur,mean,6504
2024,W.P. Kuala Lumpur,mean,6624
2024,W.P. Kuala Lumpur,mean,6708
2024,W.P. Kuala Lumpur,mean,6785
2024,W.P. Kuala Lumpur,mean,6863
2024,W.P. Kuala Lumpur,mean,6943
2024,W.P. Kuala Lumpur,mean,7006
2024,W.P. Kuala Lumpur,mean,7387
2024,W.P. Kuala Lumpur,mean,7588
2024,W.P. Kuala Lumpur,mean,7676
2024,W.P. Kuala Lumpur,mean,7753
2024,W.P. Kuala Lumpur,mean,7827
2024,W.P. Kuala Lumpur,mean,7907
2024,W.P. Kuala Lumpur,mean,8014
2024,W.P. Kuala Lumpur,mean,8451
2024,W.P. Kuala Lumpur,mean,8630
2024,W.P. Kuala Lumpur,mean,8776
2024,W.P. Kuala Lumpur,mean,8911
2024,W.P. Kuala Lumpur,mean,9041
2024,W.P. Kuala Lumpur,mean,9174
2024,W.P. Kuala Lumpur,mean,9287
2024,W.P. Kuala Lumpur,mean,9397
2024,W.P. Kuala Lumpur,mean,9549
2024,W.P. Kuala Lumpur,mean,9688
2024,W.P. Kuala Lumpur,mean,9809
2024,W.P. Kuala Lumpur,mean,9938
2024,W.P. Kuala Lumpur,mean,10066
2024,W.P. Kuala Lumpur,mean,10187
2024,W.P. Kuala Lumpur,mean,10287
2024,W.P. Kuala Lumpur,mean,10414
2024,W.P. Kuala Lumpur,mean,10520
2024,W.P. Kuala Lumpur,mean,10631
2024,W.P. Kuala Lumpur,mean,10741
2024,W.P. Kuala Lumpur,mean,10862
2024,W.P. Kuala Lumpur,mean,10992
2024,W.P. Kuala Lumpur,mean,11131
2024,W.P. Kuala Lumpur,mean,11309
2024,W.P. Kuala Lumpur,mean,11471
2024,W.P. Kuala Lumpur,mean,11636
2024,W.P. Kuala Lumpur,mean,11817
2024,W.P. Kuala Lumpur,mean,11960
2024,W.P. Kuala Lumpur,mean,12115
2024,W.P. Kuala Lumpur,mean,12221
2024,W.P. Kuala Lumpur,mean,12343
2024,W.P. Kuala Lumpur,mean,12469
2024,W.P. Kuala Lumpur,mean,12604
2024,W.P. Kuala Lumpur,mean,12718
2024,W.P. Kuala Lumpur,mean,12868
2024,W.P. Kuala Lumpur,mean,13321
2024,W.P. Kuala Lumpur,mean,13600
2024,W.P. Kuala Lumpur,mean,13881
2024,W.P. Kuala Lumpur,mean,14135
2024,W.P. Kuala Lumpur,mean,14393
2024,W.P. Kuala Lumpur,mean,14628
2024,W.P. Kuala Lumpur,mean,14793
2024,W.P. Kuala Lumpur,mean,15001
2024,W.P. Kuala Lumpur,mean,15214
2024,W.P. Kuala Lumpur,mean,15432
2024,W.P. Kuala Lumpur,mean,15632
2024,W.P. Kuala Lumpur,mean,15857
2024,W.P. Kuala Lumpur,mean,16154
2024,W.P. Kuala Lumpur,mean,16484
2024,W.P. Kuala Lumpur,mean,16793
2024,W.P. Kuala Lumpur,mean,17193
2024,W.P. Kuala Lumpur,mean,17556
2024,W.P. Kuala Lumpur,mean,17995
2024,W.P. Kuala Lumpur,mean,18583
2024,W.P. Kuala Lumpur,mean,19195
2024,W.P. Kuala Lumpur,mean,19755
2024,W.P. Kuala Lumpur,mean,20541
2024,W.P. Kuala Lumpur,mean,21416
2024,W.P. Kuala Lumpur,mean,22337
2024,W.P. Kuala Lumpur,mean,23558
2024,W.P. Kuala Lumpur,mean,24839
2024,W.P. Kuala Lumpur,mean,25949
2024,W.P. Kuala Lumpur,mean,27081
2024,W.P. Kuala Lumpur,mean,28780
2024,W.P. Kuala Lumpur,mean,30960
2024,W.P. Kuala Lumpur,mean,33565
2024,W.P. Kuala Lumpur,mean,36671
2024,W.P. Kuala Lumpur,mean,42737
2024,W.P. Kuala Lumpur,mean,54274
2024,W.P. Kuala Lumpur,mean,131441
2024,W.P. Labuan,mean,1457
2024,W.P. Labuan,mean,1792
2024,W.P. Labuan,mean,2021
2024,W.P. Labuan,mean,2237
2024,W.P. Labuan,mean,2424
2024,W.P. Labuan,mean,2540
2024,W.P. Labuan,mean,2671
2024,W.P. Labuan,mean,2804
2024,W.P. Labuan,mean,2981
2024,W.P. Labuan,mean,3197
2024,W.P. Labuan,mean,3367
2024,W.P. Labuan,mean,3572
2024,W.P. Labuan,mean,3645
2024,W.P. Labuan,mean,3725
2024,W.P. Labuan,mean,3858
2024,W.P. Labuan,mean,3907
2024,W.P. Labuan,mean,3967
2024,W.P. Labuan,mean,4070
2024,W.P. Labuan,mean,4189
2024,W.P. Labuan,mean,4344
2024,W.P. Labuan,mean,4438
2024,W.P. Labuan,mean,4546
2024,W.P. Labuan,mean,4648
2024,W.P. Labuan,mean,4759
2024,W.P. Labuan,mean,4827
2024,W.P. Labuan,mean,4878
2024,W.P. Labuan,mean,4965
2024,W.P. Labuan,mean,5039
2024,W.P. Labuan,mean,5117
2024,W.P. Labuan,mean,5207
2024,W.P. Labuan,mean,5333
2024,W.P. Labuan,mean,5408
2024,W.P. Labuan,mean,5509
2024,W.P. Labuan,mean,5584
2024,W.P. Labuan,mean,5691
2024,W.P. Labuan,mean,5814
2024,W.P. Labuan,mean,5984
2024,W.P. Labuan,mean,6098
2024,W.P. Labuan,mean,6173
2024,W.P. Labuan,mean,6289
2024,W.P. Labuan,mean,6370
2024,W.P. Labuan,mean,6496
2024,W.P. Labuan,mean,6569
2024,W.P. Labuan,mean,6718
2024,W.P. Labuan,mean,6818
2024,W.P. Labuan,mean,7002
2024,W.P. Labuan,mean,7212
2024,W.P. Labuan,mean,7276
2024,W.P. Labuan,mean,7314
2024,W.P. Labuan,mean,7351
2024,W.P. Labuan,mean,7424
2024,W.P. Labuan,mean,7505
2024,W.P. Labuan,mean,7586
2024,W.P. Labuan,mean,7654
2024,W.P. Labuan,mean,7696
2024,W.P. Labuan,mean,7792
2024,W.P. Labuan,mean,7854
2024,W.P. Labuan,mean,7897
2024,W.P. Labuan,mean,7940
2024,W.P. Labuan,mean,8005
2024,W.P. Labuan,mean,8180
2024,W.P. Labuan,mean,8491
2024,W.P. Labuan,mean,8771
2024,W.P. Labuan,mean,8917
2024,W.P. Labuan,mean,9072
2024,W.P. Labuan,mean,9251
2024,W.P. Labuan,mean,9473
2024,W.P. Labuan,mean,9551
2024,W.P. Labuan,mean,9607
2024,W.P. Labuan,mean,9740
2024,W.P. Labuan,mean,9916
2024,W.P. Labuan,mean,10157
2024,W.P. Labuan,mean,10366
2024,W.P. Labuan,mean,10570
2024,W.P. Labuan,mean,10741
2024,W.P. Labuan,mean,10863
2024,W.P. Labuan,mean,11008
2024,W.P. Labuan,mean,11270
2024,W.P. Labuan,mean,11437
2024,W.P. Labuan,mean,11587
2024,W.P. Labuan,mean,11809
2024,W.P. Labuan,mean,11913
2024,W.P. Labuan,mean,12056
2024,W.P. Labuan,mean,12417
2024,W.P. Labuan,mean,12988
2024,W.P. Labuan,mean,13405
2024,W.P. Labuan,mean,13604
2024,W.P. Labuan,mean,13943
2024,W.P. Labuan,mean,14334
2024,W.P. Labuan,mean,14605
2024,W.P. Labuan,mean,15036
2024,W.P. Labuan,mean,15776
2024,W.P. Labuan,mean,16472
2024,W.P. Labuan,mean,17077
2024,W.P. Labuan,mean,17680
2024,W.P. Labuan,mean,18477
2024,W.P. Labuan,mean,19404
2024,W.P. Labuan,mean,21011
2024,W.P. Labuan,mean,27115
2024,W.P. Labuan,mean,49468
2024,W.P. Putrajaya,mean,3572
2024,W.P. Putrajaya,mean,4089
2024,W.P. Putrajaya,mean,4287
2024,W.P. Putrajaya,mean,4480
2024,W.P. Putrajaya,mean,4614
2024,W.P. Putrajaya,mean,4826
2024,W.P. Putrajaya,mean,4877
2024,W.P. Putrajaya,mean,5022
2024,W.P. Putrajaya,mean,5145
2024,W.P. Putrajaya,mean,5213
2024,W.P. Putrajaya,mean,5328
2024,W.P. Putrajaya,mean,5524
2024,W.P. Putrajaya,mean,5774
2024,W.P. Putrajaya,mean,5842
2024,W.P. Putrajaya,mean,5927
2024,W.P. Putrajaya,mean,6102
2024,W.P. Putrajaya,mean,6426
2024,W.P. Putrajaya,mean,6553
2024,W.P. Putrajaya,mean,6700
2024,W.P. Putrajaya,mean,6778
2024,W.P. Putrajaya,mean,6880
2024,W.P. Putrajaya,mean,7039
2024,W.P. Putrajaya,mean,7243
2024,W.P. Putrajaya,mean,7418
2024,W.P. Putrajaya,mean,7609
2024,W.P. Putrajaya,mean,7760
2024,W.P. Putrajaya,mean,7936
2024,W.P. Putrajaya,mean,8037
2024,W.P. Putrajaya,mean,8251
2024,W.P. Putrajaya,mean,8421
2024,W.P. Putrajaya,mean,8641
2024,W.P. Putrajaya,mean,8801
2024,W.P. Putrajaya,mean,8878
2024,W.P. Putrajaya,mean,8960
2024,W.P. Putrajaya,mean,9043
2024,W.P. Putrajaya,mean,9129
2024,W.P. Putrajaya,mean,9247
2024,W.P. Putrajaya,mean,9370
2024,W.P. Putrajaya,mean,9468
2024,W.P. Putrajaya,mean,9566
2024,W.P. Putrajaya,mean,9698
2024,W.P. Putrajaya,mean,9847
2024,W.P. Putrajaya,mean,10001
2024,W.P. Putrajaya,mean,10152
2024,W.P. Putrajaya,mean,10347
2024,W.P. Putrajaya,mean,10483
2024,W.P. Putrajaya,mean,10576
2024,W.P. Putrajaya,mean,10630
2024,W.P. Putrajaya,mean,10665
2024,W.P. Putrajaya,mean,10742
2024,W.P. Putrajaya,mean,10852
2024,W.P. Putrajaya,mean,11106
2024,W.P. Putrajaya,mean,11473
2024,W.P. Putrajaya,mean,11649
2024,W.P. Putrajaya,mean,11747
2024,W.P. Putrajaya,mean,11932
2024,W.P. Putrajaya,mean,12064
2024,W.P. Putrajaya,mean,12826
2024,W.P. Putrajaya,mean,13565
2024,W.P. Putrajaya,mean,13759
2024,W.P. Putrajaya,mean,13986
2024,W.P. Putrajaya,mean,14481
2024,W.P. Putrajaya,mean,14943
2024,W.P. Putrajaya,mean,15122
2024,W.P. Putrajaya,mean,15275
2024,W.P. Putrajaya,mean,15503
2024,W.P. Putrajaya,mean,15791
2024,W.P. Putrajaya,mean,16188
2024,W.P. Putrajaya,mean,16584
2024,W.P. Putrajaya,mean,17005
2024,W.P. Putrajaya,mean,17347
2024,W.P. Putrajaya,mean,17874
2024,W.P. Putrajaya,mean,18190
2024,W.P. Putrajaya,mean,18296
2024,W.P. Putrajaya,mean,18356
2024,W.P. Putrajaya,mean,18429
2024,W.P. Putrajaya,mean,18498
2024,W.P. Putrajaya,mean,18572
2024,W.P. Putrajaya,mean,18696
2024,W.P. Putrajaya,mean,18967
2024,W.P. Putrajaya,mean,19232
2024,W.P. Putrajaya,mean,19945
2024,W.P. Putrajaya,mean,20434
2024,W.P. Putrajaya,mean,20898
2024,W.P. Putrajaya,mean,21277
2024,W.P. Putrajaya,mean,21955
2024,W.P. Putrajaya,mean,22843
2024,W.P. Putrajaya,mean,23278
2024,W.P. Putrajaya,mean,24013
2024,W.P. Putrajaya,mean,24525
2024,W.P. Putrajaya,mean,25322
2024,W.P. Putrajaya,mean,26146
2024,W.P. Putrajaya,mean,26903
2024,W.P. Putrajaya,mean,27700
2024,W.P. Putrajaya,mean,29105
2024,W.P. Putrajaya,mean,31746
2024,W.P. Putrajaya,mean,33931
2024,W.P. Putrajaya,mean,37529
2024,W.P. Putrajaya,mean,43451
2024,W.P. Putrajaya,mean,51858
